,,Undergraduate Terms Offered - ACCT-ENVR,,,,
,X-Offered AY-Offered in alternating years AN-Offered as needed VAR-Offered varying by year,,,,,
"If there is no specific term listed for a course, contact your advisor or the department offering the course.",,,,,,
College,Course,Title,Fall,Winter,Spring,Summer
B,ACCT 115,Fin Accounting Foundations,X,X,X,X
B,ACCT 116,Managrl Acctg Foundations,X,X,X,X
B,ACCT 120,Accounting for New Ventures,,,,X
B,ACCT 321,Financial Reporting I,X,X,X,X
B,ACCT 322,Financial Reporting II,X,X,X,X
B,ACCT 323,Financial Reporting III,,,X,
B,ACCT 331,Cost Accounting,X,X,X,
B,ACCT 336,Intro Interntl Accounting,,,X,
B,ACCT 341,Principles of Auditing,X,X,X,X
B,ACCT 352,Accounting Information Systems,X,X,X,X
B,ACCT 355,Forensic Accounting,X,,,
E,AE 220,Introduction to HVAC,,X,,X
E,AE 340,Arch Illum & Elect Sys,X,,X,
E,AE 380,Special Tops Arch Engr,,X,,
E,AE 390,Arch Engr Design I,X,,X,
E,AE 391,Arch Engr Design II,,X,,X
E,AE 430,Control Systems for HVAC,,,X,
AS,AFAS 101,Intro to Africana Studies,X,X,X,X
AS,AFAS 201,Cross Currents in AFAS,X,,X,
AS,AFAS 250,African American Herstories,,X,,
AS,AFAS 295,Special Topics in AFAS,,X,,
AS,AFAS 301*,Politics of Hip Hop,,,,
AS,AFAS 310*,"Women, Crime, & History",,,,
AS,AFAS 385*,"Rum, Rice & Revolution",,,,
AS,AFAS 401*,Urban Social Just Prac I,,,,
AS,AFAS 402*,Urban Social Just Prac II,,,,
NH,ANAT 101,Anatomy & Physiology I,X,X,,
NH,ANAT 102,Anatomy & Physiology II,,X,X,
NH,ANAT 103,Anatomy & Physiology III,,,X,X
NH,ANAT 202,Sectional Anatomy,X,X,,X
NH,ANAT 420,Advanced Anatomy I,X,,X,
NH,ANAT 421,Advanced Anatomy II,,X,,X
AS,ANTH 101,Cult Divers: Intro Cult Anthro,X,X,X,X
AS,ANTH 110,Hum Past: Anth/Prehis Arc,X,X,X,X
AS,ANTH 120*,Bib Archaeology Isrl/Jord,,,,
,,,,,,
AS,ANTH 210*,Worldview: Sci/Rel/Magic,,,,
AS,ANTH 212,Topics in World Ethnography,X,,X,AY
AS,ANTH 215,Anthropology of Gender,X,,,
AS,ANTH 220,Age In Cross-Cult Perspec,AY,,AY,
AS,ANTH 255,Psychological Anthropology,,X,,
AS,ANTH 310,Soc In Tran: Mdrn & 3 Wld,X,,,X
AS,ANTH 312,Appr Intercultural Behvr,,X,,X
AS,ANTH 330,Media Anthropology,AY,,,AY
AS,ANTH 355,Anthropology of Cyberspace,,AY,,
AS,ANTH 360,Culture and the Environment,X,,,
AS,ANTH 363,Sacred Traditions of the East,,X,,
AS,ANTH 365,Family and Kinship,,,X,
AS,ANTH 370,Ethnographic Methods,,,X,
AS,ANTH 390,Seminar in Ethnography,,,X,
AS,ANTH 410,Cultural Theory,,AY,AY,
AS,ARBC 101,Arabic I,X,X,X,X
AS,ARBC 102,Arabic II,X,X,X,X
AS,ARBC 103,Arabic III,X,X,X,X
AS,ARBC 201,Arabic IV,X,X,X,X
AS,ARBC 202,Arabic V,X,X,X,X
AS,ARBC 203,Arabic VI,X,X,X,X
AS,ARBC 301,Arabic VII,X,X,X,X
AS,ARBC 302,Arabic VIII,X,X,X,X
AS,ARBC 303,Arabic IX,X,X,X,X
AS,ARBC 411,Intro to Arabic Stylistics,X,,X,
AS,ARBC 471,Arabic Civilization,,X,,
AS,ARBC 480,Arabic Minor Thesis Course,AN,AN,AN,AN
A,ARCH 101,Studio 1-A,X,,,
A,ARCH 102,Studio 1-B,,X,,
A,ARCH 103,Studio 2-A,,,X,
A,ARCH 104,Studio 2-B,X,,,
A,ARCH 105,Studio 3-A,,X,,
A,ARCH 106,Studio 3-B,,,X,
A,ARCH 111,Studio 1-1,X,X,,
A,ARCH 112,Studio 1-2,,X,X,
A,ARCH 113,Studio 1-3,,,X,X
A,ARCH 121,Studio 2-1,X,,,
A,ARCH 122,Studio 2-2,,X,,
A,ARCH 123,Studio 2-3,,,X,
A,ARCH 141,Architecture and Society I,X,,X,
A,ARCH 142,Architecture and Society II,,X,,X
,,,,,,
A,ARCH 143,Architecture and Society III,X,,X,
A,ARCH 150,Intro To CADD I,,,,X
A,ARCH 151,Architectural Drawing I,X,,,
A,ARCH 152,Architectural Drawing II,,X,X,
A,ARCH 153,Intro to CADD II,,X,,X
A,ARCH 155,Basic Architectural Drawing,X,X,,
A,ARCH 156,Graphic Communications I,,X,X,X
A,ARCH 161,Architectural Construction,X,,X,
A,ARCH 191,Studio 1-1,,X,,X
A,ARCH 192,Studio 1-2,X,,X,
A,ARCH 231,Studio 3-1,X,,,
A,ARCH 232,Studio 3-2,,X,,
A,ARCH 233,Studio 3-3,,,X,
A,ARCH 241,Studio 4-1,X,,,
A,ARCH 242,Studio 4-2,,X,,
A,ARCH 243,Studio 4-3,,,X,
A,ARCH 261,Environmental Systems I,X,,,
A,ARCH 262,Environmental Systems II,,X,X,
A,ARCH 263,Environmental Systems III,,,X,
A,ARCH 321,General Lecture Series I,X,,,
A,ARCH 322,General Lecture Series II,,X,,
A,ARCH 336*,Professional Practice II,,,,
A,ARCH 341,Theories of Architecture I,X,,,
A,ARCH 342,Theories of Architecture II,,X,,
A,ARCH 343,Theories of Architecture III,,,X,
A,ARCH 344,History of Modern Movement I,X,,,
A,ARCH 345,History of Modern Movement II,,X,,
A,ARCH 346,History Philadelphia Arch,,,,X
A,ARCH 347,Summer Study Tour Abroad,,,,X
A,ARCH 348,Studies in Vernacular Arch,,,X,
A,ARCH 351,Studio 5-1,X,,,
A,ARCH 352,Studio 5-2,,X,,
A,ARCH 353,Studio 5-3,,,X,
A,ARCH 361,Studio 6-1,X,,,
A,ARCH 362,Studio 6-2,,X,,
A,ARCH 363,Studio 6-3,,,X,
A,ARCH 421,Enviro Psych & Desgn Thry,,,,X
A,ARCH 431,Architectural Programming,,,X,X
A,ARCH 432,The Development Process,,,X,
A,ARCH 435,Management Seminar I,X,,,
A,ARCH 436,Management Seminar II,,X,,
,,,,,,
A,ARCH 441,Urban Design Seminar I,X,,,
A,ARCH 442,Urban Design Seminar II,,X,,
A,ARCH 451,Advanced Drawing,,,X,
A,ARCH 455*,Comp Appls Arch I,,,,
A,ARCH 463,Emerging Architectural Tech,,,,X
A,ARCH 464,Building Enclosure Design,,,,X
A,ARCH 465,Energy and Architecture,,,,X
A,ARCH 496,Thesis I,X,,,
A,ARCH 497,Thesis II,,X,,
A,ARCH 498,Thesis III,,,X,
A,ARTH 101,Hist/Art: Ancient-Medieval,X,X,,X
A,ARTH 102,Hist/Art: High Ren-Modern,X,X,X,X
A,ARTH 103,Hist Art- Erly/Late Modrn,X,,X,X
A,ARTH 300,History of Modern Design,X,X,X,X
A,ARTH 301,Asian Art and Culture,X,,X,
A,ARTH 302,Art of India,,X,,
A,ARTH 303,Art of China,,X,,
A,ARTH 304,Art of Japan,,,X,
A,ARTH 335,Hist Costume: Precl-Directoire,X,,X,
A,ARTH 336,Hist Cstm-Directoire/Wwi,,X,,X
A,ARTH 337,Hst Cstm: Post WWI/Pres,X,,,
AS,AS-A 351,Study Abroad Lit/Civ/Arts,X,X,X,X
AS,AS-A 352,Study Abroad-Psyc/Socio,X,X,X,X
AS,AS-A 353,Study Abroad-Hist/P Sci,X,X,X,X
AS,AS-A 354,Study Abroad-Euro Union,X,X,X,X
AS,AS-I 180*,Interdiscip St Arts/Sci,,,,
AS,AS-I 265*,Spec Interdis St Arts/Sci,,,,
NH,BACS 100,Life-Span Human Development,X,X,,
NH,BACS 200,Found of Behavioral Hlth Care,X,,,
NH,BACS 210,Behavioral Disorders,X,X,,
NH,BACS 220,Counseling Theory and Practice,X,,,
NH,BACS 230,Genetics and Mental Health,,X,,
NH,BACS 232,Ethics and Prof Responsibility,,X,X,
NH,BACS 234,Intro to Addictive Disorders,X,X,X,
NH,BACS 236,Psychiatric Rehab Princ/Pract,X,,X,
NH,BACS 255,Multicultural Counseling,,X,X,
NH,BACS 301,Group Counseling I,X,,,X
NH,BACS 304,Cogn-Behavioral Counseling I,X,,,
NH,BACS 310,Recovery/Relapse Prevention,,X,,
NH,BACS 312,Case Management Methods,X,,X,
NH,BACS 320,Crisis and Brief Intervention,X,,,
,,,,,,
NH,BACS 325,Psychopharmacology for Counsel,,X,X,
NH,BACS 350,Child Psychopathology,X,,X,
NH,BACS 360,Preventing Substance Abuse,,,X,X
NH,BACS 367,Adv Counseling Intervention,X,,X,X
NH,BACS 368,Addictions Counsel w/ Spec Pop,,X,,
NH,BACS 370,Problem Gambling Interventions,X,,X,X
NH,BACS 401,Assessment/Treatment Planning,,,X,X
NH,BACS 404,Cogn-Behavioral Counseling II,X,X,,
NH,BACS 405,Family-Focused Interventions,,X,X,
NH,BACS 410,Child and Adolescent Support,,,X,X
NH,BACS 411,Forensic Behavior Hlth Service,,X,X,
NH,BACS 412,Group Counseling II,,X,,X
NH,BACS 414,Co-Occurring Disorders,,,X,X
NH,BACS 420,Psychiatric Rehab Competencies,,X,X,
NH,BACS 490,Senior Research Project,,X,X,X
NH,BACS 499,Readings in Behavioral Health,X,X,X,X
G,BET 301*,Healthcare Technology,,,,
G,BET 302*,Biomedical Electronics,,,,
G,BET 303*,Medical Imaging Systems,,,,
G,BET 305*,Clinical Laboratory Equipment,,,,
AS,BIO 100,"App Cells, Genetics & Phys",X,,X,
AS,BIO 101,"App Bio Diversity, Eco & Evol",,X,,X
AS,BIO 106,Bio III: Organismal Bio,,,X,
AS,BIO 107,"Cells, Genetics & Physiology",X,,X,
AS,BIO 108,"Cells, Genetics & Phys Lab",X,,X,
AS,BIO 109,"Bio Diversity, Eco & Evol",,X,,X
AS,BIO 110,"Bio Diversity, Eco & Evol Lab",,X,,X
AS,BIO 118,Basics of Cancer,X,,,X
AS,BIO 122,Cells and Genetics,X,,X,
AS,BIO 124,Evolution & Organismal Div,,X,,
AS,BIO 126,Physiology and Ecology,,,X,
AS,BIO 141,Essential Biology,,,X,X
AS,BIO 161,General Biology I,X,,,
AS,BIO 162,General Biology II,,X,,
AS,BIO 163,General Biology III,,,X,
AS,BIO 164*,General Biology Lab I,,,,
AS,BIO 165*,General Biology Lab II,,,,
AS,BIO 166*,General Biology Lab III,,,,
AS,BIO 201,Human Physiology I,X,,X,
AS,BIO 202,Human Physiology Laboratory,X,X,X,X
AS,BIO 203,Human Physiology II,,X,,X
,,,,,,
AS,BIO 212,Biotechnology,,,X,
AS,BIO 214,Principles of Cell Biology,X,,X,
AS,BIO 215,Techniques in Cell Biology,,X,,X
AS,BIO 217,Evolution,X,,X,
AS,BIO 218,Principles of Molecular Bio,,X,,X
AS,BIO 219,Techniques in Molecular Bio,X,X,X,X
AS,BIO 220,Essential Microbiology,X,X,,X
AS,BIO 221,Microbiology,X,X,,X
AS,BIO 222,Microbiology Laboratory,X,X,,X
AS,BIO 223,Parasitology,,X,,
AS,BIO 224,"Form, Function & Evol of Verts",,X,X,X
AS,BIO 225,Vertebrate Bio & Evolution Lab,,X,X,X
AS,BIO 226,Microbiology for Health Prof'l,X,,X,X
AS,BIO 231,Cell Physiology,,,,
AS,BIO 244,Genetics I,,X,,X
AS,BIO 254,Invertebrate Morph & Phys,,X,,X
AS,BIO 255,Invertebrate Morph & Phy Lab,,X,,X
AS,BIO 256,Vertebrate Morph & Phys,X,,,
AS,BIO 264,Ethnobotany,,,AY,
AS,BIO 270,Development Biology,X,,X,
AS,BIO 271,Developmental Biology Lab,X,,X,
AS,BIO 284*,Biology of Stress,,,,
AS,BIO 306,Biochemistry Laboratory,X,X,X,X
AS,BIO 310*,Comparative Physiology,,,,
AS,BIO 311,Metabolism,X,,X,
AS,BIO 312,Genetically Modified Foods,,,,X
AS,BIO 313*,Comparative Physiology Lab,,,,
AS,BIO 314,Pharmacology,,X,,X
AS,BIO 318,Biology of Cancer,X,,X,
AS,BIO 320,Microbial Pathogenesis,,,X,
AS,BIO 331,Bioinfomatics I,X,,,
AS,BIO 332,Bioinformatics II,,X,,
AS,BIO 333,Bioinformatics Laboratory,X,,,
AS,BIO 346,Stem Cell Research,,AY,,
AS,BIO 368,Embryology,,,,X
AS,BIO 370,Teratology,,,X,
AS,BIO 386,Gross Anatomy,,X,,X
AS,BIO 387,Gross Anatomy Lab,,X,,X
AS,BIO 404,Struct/Funct of Biomolecules,X,,,
AS,BIO 412,Biology of Aging,AY,,AY,
AS,BIO 413,Genomics,AY,,,
,,,,,,
AS,BIO 415,Proteins,,,X,
AS,BIO 420,Virology,,,X,
AS,BIO 421,Biomembranes,,X,,
AS,BIO 426,Immunology,X,,,
AS,BIO 427*,Immunology Lab,,,,
AS,BIO 430,Cell Biology of Disease,,,,X
AS,BIO 433,Advanced Cell Biology,,X,,
AS,BIO 434,Advanced Cell Biology Lab,,X,,
AS,BIO 435,ImmunoBio of Disease,,X,,
AS,BIO 444,Human Genetics,X,,X,
AS,BIO 445,Microbial Genetics,,,AY,
AS,BIO 447,Adv Genetics & Molecular Bio,,X,,
AS,BIO 451,Genetic Reg Development,,AY,,
AS,BIO 462,Biology of Neuron Function,X,,,
AS,BIO 463,Mol Mech of Neurodegeneration,,AY,,
AS,BIO 465,Neurobiology of Disease,,X,,
AS,BIO 471,Seminar in Biological Sciences,X,,,
AS,BIO 472,Seminar in Biological Science,,X,,
AS,BIO 473,Seminar in Biological Science,,,X,
AS,BIO 497,Research,X,X,X,X
B,BLAW 201,Business Law I,X,X,X,X
B,BLAW 202,Business Law II,X,X,X,X
B,BLAW 321,Law of Business Organizations,,X,X,X
B,BLAW 330,Real Estate,,X,X,
B,BLAW 334,Labor Law,,X,,
B,BLAW 338,Govt Regulation Business,,X,,X
B,BLAW 340,International Business Law,X,X,X,X
B,BLAW 342,Criminal Law,X,,X,X
B,BLAW 346,Entrepreneur Law,X,,X,X
B,BLAW 348,White Collar Crime,,X,X,X
B,BLAW 356,Legal Issues Corp Governance,,,,X
B,BLAW 358,Employment Law,X,,,
B,BLAW 360,Intellectual Prop/Cyber Law,,X,X,
B,BLAW 481,Special Topics in Business Law,AN,AN,AN,AN
R,BMES 125,Foundns of Biomed Engineering,X,,X,
R,BMES 212,The Body Synthetic,,X,,X
R,BMES 301,Lab I: Exp Biomechanics,X,,X,
R,BMES 302,Lab II: Biomeasurements,X,,X,
R,BMES 303,Lab III: Biomed Electronics,,X,,X
R,BMES 304,Lab IV: Ultrasound Images,X,,X,
R,BMES 305,Lab V:Musculoskel Anat for BME,X,,X,
,,,,,,
R,BMES 310,Biomedical Statistics,,X,,X
R,BMES 315,Exp Design in Biomed Research,X,,X,
R,BMES 325,Princ of Biomed Eng I,X,,X,
R,BMES 326,Princ of Biomed Eng II,,X,,X
R,BMES 335,Biomedical Informatics I,X,,,
R,BMES 336,Hosp & Pat Info/Informatics II,,X,,
R,BMES 338,Biomedical Ethics and Law,X,,X,
R,BMES 340,Health Care Administration,,X,,X
R,BMES 350,Med & Bio Effects Of Light,,X,,X
R,BMES 372,Biosimulation,X,,X,
R,BMES 375,Computational Bioengineering,,X,,X
R,BMES 381,Junior Design Seminar I,X,,X,
R,BMES 382,Junior Design Seminar II,,X,,X
R,BMES 391,Biomedical Instrumentation I,X,,,
R,BMES 392,Biomedical Instrumentation II,,X,,
R,BMES 401,Biosensors I,X,,X,
R,BMES 402,Biosensors II,,X,,X
R,BMES 405,Physiological Control Systems,,X,,X
R,BMES 409,Entrepreneurship for BMES,X,X,X,X
R,BMES 411,Chronoengr I: Bio Rhythms,X,,X,
R,BMES 412,Chronoengr II: Sleep Functions,,X,,X
R,BMES 421,Biomed Imaging Sys. I: Images,X,,,
R,BMES 422,Biomed Imaging Systems II,,X,,
R,BMES 423,Biomed Imaging Systems III,,,X,
R,BMES 430,Neur Asp of Posture & Locomot,X,,X,
R,BMES 432,Biomed Systems and Signals,X,,,
R,BMES 440,Introduction to Biodynamics,X,,,
R,BMES 441,Biomechanics I:,X,,,
R,BMES 442,Biomechanics II,,X,,
R,BMES 443,Biomechanics III,,,X,
R,BMES 444,Biofluid Mechanics,,,X,
R,BMES 451,Trans. Phenomena in Living Sys,X,X,,X
R,BMES 460,Biomaterials I,X,,,
R,BMES 461,Biomaterials II,,X,,
R,BMES 471,Tissue Engineering I,X,,,
R,BMES 472,Tissue Engineering II,,X,,
R,BMES 475,Biomaterials & Tissue Engr III,,,X,
R,BMES 477,Neuroengineering I,,X,,
R,BMES 478,Neuroengineering II,,,X,
R,BMES 483,Quantitative Systems Biology,,X,,
R,BMES 484,Genome Information Engineering,,,X,
,,,,,,
R,BMES 488,Medical Device Development,,,X,
R,BMES 491,Senior Design Project I,X,,,
R,BMES 492,Senior Design Project II,,X,,
R,BMES 493,Senior Design Project III,,,X,
R,BMES 494,Clinical Practicum I,X,,,
R,BMES 495,Clinical Practicum II,,X,,
R,BMES 496,Clinical Practicum III,,,X,
B,BUSN 101,Foundations of Business I,X,X,X,
B,BUSN 102,Foundations of Business II,X,X,X,X
B,BUSN 103,Adv First Year Busn Seminar,X,X,X,X
B,BUSN 104,Career Mgmt for Non Co-op Stud,,X,,
B,BUSN 111,Foundations for Business,X,X,X,X
B,BUSN 301,Acct & Fin for Nonfinan Prfnls,X,,,
B,BUSN 451,Business Consulting,X,X,X,X
B,BUSN 481,Special Topics in Business,,X,,
B,BUSN 498,Special Topics in Gen Business,,,X,
E,CAE 491,Senior Design Project I,X,,,
E,CAE 492,Senior Design Project II,,X,,
E,CAE 493,Senior Design Project III,,,X,
E,CAEE 201,Intro to Infrastructure Engr,X,,X,
E,CAEE 210,Measurements in CAE Engr I,,X,,X
E,CAEE 211,Measurements in CAE Engr II,,X,,X
G,CAT 200,Strategies: Lifelong Learning,X,X,X,X
G,CAT 201,Interpersonal Communication,X,X,X,X
G,CAT 301,Project Management,X,X,,X
G,CAT 302,Cust Service Theory & Practice,X,X,,X
G,CAT 303,Client Relations Management,X,,X,
G,CAT 360,Appl Organizational Research,X,X,,
G,CAT 491,Senior Project CAT I,,X,X,
G,CAT 492,Senior Project CAT II,,,X,
E,CHE 201,Process Material Balances,X,,X,
E,CHE 202,Process Energy Balances,,X,,X
E,CHE 206,Basic Chem Eng Thermodynamics,,X,,X
E,CHE 250*,Chem Engr Process Principles,,,,
E,CHE 301,Process Thermodynamics,X,,X,
E,CHE 302,Process Fluid Mechanics,,X,,X
E,CHE 303,Process Heat Transfer,X,,X,
E,CHE 304,Process Mass Transfer,,X,,X
E,CHE 305,Process Separations,X,,X,
E,CHE 307,Process Modeling I,X,,X,
E,CHE 308,Process Modeling II,,X,,X
,,,,,,
E,CHE 310*,Transport Phenomena,,,,
E,CHE 311*,Fluid Flow and Transport,,,,
E,CHE 332,Chem Engr Lab I,,X,,X
E,CHE 333,Chemical Engineering Lab II,X,,X,
E,CHE 334,Chemical Engineering Lab III,,X,,X
E,CHE 335,Statistics &Design Experiments,,X,,X
E,CHE 360,BioProcess Principles,,X,,
E,CHE 420,Process Systems Engineering,X,,,
E,CHE 424,Chem Kinetics & Reactor Design,X,,,
E,CHE 450,Chemical Process Industries,,X,,
E,CHE 451,Safety Engineering,,,X,
E,CHE 452,Polymer Process Technology,,,X,
E,CHE 460*,Biochemical Engineering,,,,
E,CHE 481,Process Design I,X,,,
E,CHE 482,Process Design II,,X,,
E,CHE 483,Process Design III,,,X,
AS,CHEC 352,Phys Chem & Apps II,X,X,X,
AS,CHEC 353,Phys Chem & Apps III,,X,X,X
AS,CHEM 050,Preparatory Chemistry,,,,X
AS,CHEM 101,General Chemistry I,X,X,,X
AS,CHEM 102,General Chemistry II,,X,X,
AS,CHEM 103,General Chemistry III,X,X,X,
AS,CHEM 108,Health Chemistry I,X,,,
AS,CHEM 111,General Chemistry I,X,,,
AS,CHEM 112,General Chemistry II,,X,,
AS,CHEM 113,General Chemistry I Laboratory,X,,,
AS,CHEM 151,Applied Chemistry,X,X,X,X
AS,CHEM 161,General Chemistry I,X,,X,X
AS,CHEM 162,General Chemistry II,X,X,,X
AS,CHEM 163,General Chemistry III,,,X,X
AS,CHEM 164,General Chemistry Laboratory I,,,X,X
AS,CHEM 165,General Chem Lab II,,,X,X
AS,CHEM 201,Why Things Work: Everyday Chem,,,X,
AS,CHEM 230,Quantitative Analysis,X,,X,X
AS,CHEM 231,Quant Analysis Laboratory,X,,X,X
AS,CHEM 241,Organic Chemistry I,X,,X,X
AS,CHEM 242,Organic Chemistry II,X,X,,X
AS,CHEM 243,Organic Chemistry III,X,X,X,
AS,CHEM 244,Organic Chemistry Laboratory I,X,X,X,X
AS,CHEM 245,Organic Chem Lab II,X,X,X,X
AS,CHEM 252,Physical Chemistry I,X,X,,
,,,,,,
AS,CHEM 253,Thermodynamics & Kinetics,X,,,
AS,CHEM 270,Software Skills for Chemists,,X,,
AS,CHEM 346,Qualitative Organic Chemistry,X,,,
AS,CHEM 355,Physical Chemistry IV,X,,,
AS,CHEM 356,Physical Chemistry Lab,X,,X,
AS,CHEM 357,Physical Chemistry Lab I,,X,,
AS,CHEM 358,Physical Chemistry Lab II,X,,X,
AS,CHEM 359,Atomic/Molecular Spectroscopy,,X,,
AS,CHEM 364,Spectroscopic Analysis,X,,,
AS,CHEM 367,Chemical Information Retrieval,X,,,
AS,CHEM 420,Mol Sym & Grp Theory/ Chem,,X,,
AS,CHEM 421,Inorganic Chemistry I,X,,,
AS,CHEM 422,Inorganic Chemistry II,,,X,
AS,CHEM 425,Inorganic Chemistry Lab,,,X,
AS,CHEM 430,Analytical Chemistry I,X,,,
AS,CHEM 431,Analytical Chemistry II,,X,,
AS,CHEM 465,Synthetic Polymer Chemistry,X,,,
AS,CHEM 466,Physical Chemistry of Polymers,,X,,
AS,CHEM 493,Senior Research Project,X,X,X,X
AS,CHEM 497,Research,X,X,X,X
AS,CHIN 101,Chinese I,X,X,X,X
AS,CHIN 102,Chinese II,X,X,X,X
AS,CHIN 103,Chinese III,X,X,X,X
AS,CHIN 201,Chinese IV,X,X,X,X
AS,CHIN 202,Chinese V,X,X,X,X
AS,CHIN 203,Chinese VI: Convers & Comp,X,X,X,X
AS,CHIN 301,Chinese VII,X,X,X,X
AS,CHIN 302,Chinese VIII,X,X,X,X
AS,CHIN 303,Chinese lX,X,X,X,X
AS,CHIN 411,Intro Chinese Stylistics,X,,,
AS,CHIN 431,Intro Chinese Literature,,X,,
AS,CHIN 451,Intro Bus & Prof Chinese,,,X,
AS,CHIN 480,Chinese Minor Thesis Course,AN,AN,AN,AN
E,CIVE 240,Engineering Economic Analysis,X,X,X,
E,CIVE 250,Construction Materials,,X,,X
E,CIVE 251,Engineering Surveying,X,,,
E,CIVE 261,Mater & Struct Behavior I,X,,,
E,CIVE 262,Materls & Struct Behvr II,,X,,
E,CIVE 263,Materls & Struc Behav III,,,X,
E,CIVE 300,Theory of Structures I,X,,X,
E,CIVE 301,Theory of Structures II,,X,,X
,,,,,,
E,CIVE 310,Soil Mechanics I,X,,X,
E,CIVE 320,Introduction to Fluid Flow,X,,X,
E,CIVE 330,Hydraulics,,X,,X
E,CIVE 341*,Municipal Water Facilities,,,,
E,CIVE 370,Intro To Struc Analysis,X,,X,
E,CIVE 371,Intro Structural Design,,X,,X
E,CIVE 372,Structural Laboratory,,X,,X
E,CIVE 375,Structural Material Behavior,,X,,X
E,CIVE 400,Structural Design I,X,,,
E,CIVE 401,Structural Design II,,X,,
E,CIVE 402,Structural Design III,,,X,
E,CIVE 410,Foundation Engineering,,X,,X
E,CIVE 420*,Water and Waste Treatment I,,,,
E,CIVE 430,Hydrology,X,,X,
E,CIVE 431,Hydrology-Ground Water,,X,,
E,CIVE 432*,Water Resources Design,,,,
E,CIVE 477,Seminar,X,,,
E,CIVE 478,Seminar,,X,,
AS,CJ 204,Criminology,X,X,X,X
AS,CJ 206,Criminal Justice,X,X,X,X
AS,CJ 265,Criminal Investigation,,X,,
AS,CJ 266*,Crime Prevention Planning,,,,
AS,CJ 267*,Intro to Security Studies,,,,
AS,CJ 273,"Surveillance, Tech & the Law",,AY,AY,
AS,CJ 274,"Sex,Violence & Crime-Internet",,AY,AY,
AS,CJ 275,Issues in Domestic Violence,AY,,AY,
AS,CJ 276,Introduction to Computer Crime,AY,,AY,
AS,CJ 277,Intro-Correctional Practices,,,AY,
AS,CJ 278,Intro to Law Enforcement,X,,X,
AS,CJ 280,Communities and Crime,,AY,,AY
AS,CJ 282,Community Policing,,AY,,
AS,CJ 289,Terrorism,,,,X
AS,CJ 360,Juvenile Justice,,X,,
AS,CJ 362,"Gender, Crime & Justice",,X,,
AS,CJ 364,Community Corrections,,,AY,
AS,CJ 365,Comp Investigation & the Law,AY,,AY,
AS,CJ 372,Death Penalty,,,X,
AS,CJ 373,Environmental Crimes,AY,,AY,
AS,CJ 374,Restorative Justice,X,,,
AS,CJ 375,Criminal Procedure,X,,,
AS,CJ 376,Sentencing,,X,,
,,,,,,
AS,CJ 377,Intellectual Property Theft,,AY,AY,
AS,CJ 378,Science of Forensic Science,X,,X,
AS,CJ 379,Forensic DNA Analysis,,X,,
AS,CJ 381,Legal Research & Writing I,AY,,,
AS,CJ 382,Legal Research & Writing II,,AY,,
AS,CJ 390,Internship in Criminal Justice,X,,,
AS,CJ 400,Critical Issues in CJ,,,X,
G,CMGT 101,Intro to Construction Mgmt,X,X,,
G,CMGT 161,Bldg Mtls & Constr Mthds I,X,,,
G,CMGT 162,Bldg Mtls & Constr Mthds II,,X,,
G,CMGT 163,Bldg Mtls & Constr Mthds III,,,X,
G,CMGT 261,Construction Safety,X,X,,
G,CMGT 262,Building Codes,,X,X,
G,CMGT 263,Understdg Construction Drwgs,X,,X,
G,CMGT 264,Const Mgmt of Field Operations,,X,X,
G,CMGT 265,Info Technologies in Constrctn,X,,,
G,CMGT 266,Building Systems I,X,,,
G,CMGT 267,Building Systems II,,X,,
G,CMGT 361,Contracts And Specifications I,X,,X,
G,CMGT 362,Contracts & Specs II,X,X,,
G,CMGT 363,Estimating I,X,,X,
G,CMGT 364,Estimating II,X,X,,
G,CMGT 365,Soil Mechanics in Construction,X,X,,
G,CMGT 371,Struct Aspects in Construct I,X,X,,
G,CMGT 372,Struct Aspects in Constr II,,X,X,
G,CMGT 451,Heavy Constr Principles & Prac,,X,,
G,CMGT 461,Construction Management I,,X,X,
G,CMGT 463,Value Engineering I,X,,X,
G,CMGT 465,Marketing Construct Services,,,X,
G,CMGT 467,Techniques of Project Control,X,X,,
G,CMGT 468,Real Estate,,,X*,
G,CMGT 469*,Constr Seminar: Contemp Issues,,,,
AS,COM 101,Human Communication,X,,,
AS,COM 111,Principles of Communication,X,X,X,X
AS,COM 150,Mass Media and Society,X,X,X,X
AS,COM 210,Theory/Models Of Commun,X,X,X,X
AS,COM 220,Qualitative Research Methods,X,X,X,X
AS,COM 230,Techniques of Speaking,X,X,X,X
AS,COM 240,New Technol In Commun,X,X,X,X
AS,COM 260,Fundamentals of Journalism,X,X,X,X
AS,COM 265,Radio Journalism,,,,
,,,,,,
AS,COM 270,Business Communication,X,X,X,X
AS,COM 280,Public Relations,X,X,X,X
AS,COM 281,Advanced Public Relations,X,X,,
AS,COM 282,Public Relations Writing,,,X,
AS,COM 290,Sports and the Mass Media,X,,,
AS,COM 300,On-Line Journalism,,,AY,
AS,COM 305,Sports Journalism,AY,,,
AS,COM 310,Technical Communication,X,X,X,X
AS,COM 311,Dynamics of Interpersonal Com,,AY,AY,
AS,COM 315,Advanced Journalism,,,AY,
AS,COM 316*,Campaigns for Health & Envrmt,,,,
AS,COM 317*,Environmental Communication,,,,
AS,COM 318*,Film/Celeb/Environmental Movt,,,,
AS,COM 320,Science Writing,,,X,
AS,COM 325,Cultural Significance of Fame,,,AY,
AS,COM 330,Professional Presentations,X,X,X,X
AS,COM 335,Electronic Publishing,X,X,,X
AS,COM 340,Desktop Publishing,X,,X,
AS,COM 342,English Worldwide,,X,,
AS,COM 345,Intercultural Communication,,,X,
AS,COM 350,Message Design and Evaluation,,,X,
AS,COM 351,Computer Mediated Comm,,X,,
AS,COM 355,Ethnography of Communication,,X,X,
AS,COM 360,International Communication,X,,,
AS,COM 362,International Negotiations,,X,,
AS,COM 363,Event Planning,X,,,
AS,COM 365,Journalists: Courts & the Law,,AY,,
AS,COM 370,Advanced Business Writing,X,,,X
AS,COM 375,Grant Writing,X,,,X
AS,COM 385,Media Effects,,X,,X
AS,COM 390,Global Journalism,,,AY,
AS,COM 400,Seminar in Communication,X,X,X,X
AS,COM 410,Advanced Technical Writing,,,AY,
AS,COM 420,Technical Editing,,,X,
AS,COM 491,Sr Project Commun I,X,X,X,X
AS,COM 492,Sr Project In Commun II,X,X,X,X
G,CRTV 301,Foundations in Creativity,X,,,
G,CRTV 302,Tools & Techniqs in Creativity,,X,,
G,CRTV 303,Creativity in the Workplace,,X,X,
E,CS 121,Computation Lab I,X,X,,X
E,CS 122,Computation Lab II,,X,X,X
,,,,,,
E,CS 123,Computation Lab III,X,,X,X
E,CS 130,Prog Concepts 3D Animation,X,,,
E,CS 131,Computer Programming A,X,X,X,
E,CS 132,Computer Programming B,,X,X,X
E,CS 133*,Computer Programming C,,,,
E,CS 161,Introduction to Computing,X,X,X,X
E,CS 164,Intro to Computer Science,X,,,
E,CS 171,Computer Programming I,X,X,X,
E,CS 172,Computer Programming II,,X,X,X
E,CS 190,Selected Computer Language,,X,,
E,CS 203*,Programming for Engineers,,,,
E,CS 204,Adv Programming for Engineers,X,X,X,X
E,CS 260,Data Structures,,X,,X
E,CS 265,Adv Programing Techniques,X,,X,
E,CS 270,Math Foundations of Comp Sci,X,,X,
E,CS 280,Special Topics in Comp Sci,AN,AN,AN,AN
E,CS 281,Systems Architecture I,X,,X,
E,CS 282,Systems Architecture II,,X,,X
E,CS 283*,Systems Programming,,,,
E,CS 300,Applied Symbolic Computation,X,,,
E,CS 303,Alg Number Theory & Crypto,,,X,
E,CS 337,Human-Computer Interaction,X,,,
E,CS 338,Graphical User Interfaces,,X,,X
E,CS 345,Computer Game Design & Develop,,X,,X
E,CS 350,Software Design,X,,X,
E,CS 360,Programming Language Concepts,,X,,X
E,CS 361,Concurrent Programming,X,,X,
E,CS 365,System Administration,,,,X
E,CS 370,Operating Systems,,X,,X
E,CS 380,Artificial Intelligence,X,,X,
E,CS 430,Computer Graphics,X,X,X,
E,CS 431,Advanced Rendering Techniques,,,X,
E,CS 432,Interactive Computer Graphics,,X,,
E,CS 435,Computational Photography,,X,,
E,CS 440,Theory of Computation,,,X,
E,CS 441*,Compiler Workshop I,,,,
E,CS 442*,Compiler Workshop II,,,,
E,CS 445,Topics in Computer Gaming,,X,,
E,CS 451,Software Engineering,,X,,X
E,CS 457,Data Structures & Algorithms I,X,,,
E,CS 458,Data Structures&Algorithms II,,X,,
,,,,,,
E,CS 461,Database Systems,,X,,X
E,CS 470*,Operating Systems Workshop,,,,
E,CS 472,Computer Networks,X,,X,
E,CS 475,Computer and Network Security,,X,,
E,CS 476*,High Performance Computing,,,,
E,CS 481,Adv Artificial Intelligence,,X,,
E,CS 485,Special Topics in AI,,,X,X
E,CS 491,Software Eng Workshop I,X,,,
E,CS 492,Software Eng Workshop II,,X,,
E,CS 493,Software Eng Workshop III,,,X,
G,CT 100,Microcomputer Hardware,X,,X,
G,CT 120,Microcomputer Operating System,X,X,,X
G,CT 140,Network Administration I,X,X,X,
G,CT 200,Server I,X,X,X,
G,CT 210,Linux I,X,,,X
G,CT 212,Computer Forensics,X,X,X,
G,CT 213*,Forensic Data Recovery Tech,,,,
G,CT 220,Database I,X,X,,X
G,CT 222,Security and Info Warfare,,X,X,
G,CT 225*,Data Mining Tech for Security,,,,
G,CT 230,Web Development I,X,X,,
G,CT 240,Web Development II,X,X,X,
G,CT 290,Client Side Programming,X,X,X,
G,CT 295,Public Key Infrastructure Tech,X,,,
G,CT 300,Sec Tech Models & Arch I,,X,X,
G,CT 310,Linux II,X,X,,
G,CT 312,Access Cntrl & Intrusion Tech,X,X,X,X
G,CT 315,Security Management Practice,X,X,X,X
G,CT 320,Server II,X,X,X,
G,CT 325,OS Security Architecture I,X,X,X,
G,CT 326,OS Security Architecture II,,,,X
G,CT 330,Network Administration II,,X,X,
G,CT 336,IP Security & VPN Technology,,X,X,
G,CT 340,Operating Sys Arch I,,X,X,X
G,CT 350,Network Administration III,,,X,X
G,CT 355,Wireless Network Security Tech,X,,,
G,CT 360,Operating Sys Arch II,X,X,X,X
G,CT 362,Network Auditing Tools,,X,X,
G,CT 370,OO Systems Analysis,X,X,X,
G,CT 375,Database II,X,X,X,X
G,CT 380,Operating Sys Arch III,X,X,X,X
,,,,,,
G,CT 382,Applied Cryptography,,X,,
G,CT 385,Web Development III,,X,X,
G,CT 388*,Topics Computing Technology I,,,,
G,CT 389*,Topics Computing Technology II,,,,
G,CT 390,Server Side Programming,,X,X,X
G,CT 392*,Web Development IV,,,,
G,CT 393,IT Security Risk Assessment,X,,X,X
G,CT 395,IT Security I,X,X,X,X
G,CT 400,Network Security,X,,X,X
G,CT 402,Network Security II,X,X,,X
G,CT 405,Enterprise Programming,,,X,X
G,CT 407*,Network Security III,,,,
G,CT 410,Linux III,X,X,X,
G,CT 412,IT Security Policies,,,X,X
G,CT 415,Disaster Recovery,X,,X,X
G,CT 420,IT Security II,X,X,X,
G,CT 422,Incident Response Best Prac,X,X,,X
G,CT 425,Database III,,X,X,X
G,CT 427*,E-Commerce & Web Security Tech,,,,
G,CT 430*,Database IV,,,,
G,CT 431,Project Management,,X,X,X
G,CT 432,IT Security Systems Audits,,,X,X
G,CT 435*,Database V,,,,
G,CT 438*,Database VI,,,,
G,CT 472,Sec Defense Countermeasures,,X,X,
G,CT 491,Senior Project I,X,X,X,X
G,CT 496,Senior Project II,X,,X,X
G,CULA 115,Culinary Fundamentals,,X,X,
G,CULA 120,Techniques & Traditions I,,,X,
G,CULA 121,Techniques & Traditions II,X,,,
G,CULA 125,Found of Professional Baking,X,,,
G,CULA 216,A la Carte,,,X,
G,CULA 220,Patisserie I,,,X,
G,CULA 225,Patisserie II,X,,,
G,CULA 226,Patisserie III,,AN,,
G,CULA 235,Prof Dining Rm Mgmt,,,X,
G,CULA 240,Fund of Chinese Cuisine,AN,,,
G,CULA 290,Culinary Arts Practicum I,,,,X
G,CULA 291,Culinary Arts Practicum II,,,,X
G,CULA 300,Fund of Vegetarian Cuisine,,,,X
G,CULA 305,Fund of Italian Cuisine,,,,X
,,,,,,
G,CULA 306,Advanced Italian Cuisine,X,,,
G,CULA 310,Fund of French Cuisine,X,,,
G,CULA 311,Advanced French Cuisine,,AN,,
G,CULA 315,Fund of American Cuisine,,X,,
G,CULA 316,Butchery Lab,X,,,
G,CULA 320,Advanced Culinary Studio,,X,,
G,CULA 325,Garde Manger Lab,,X,,
G,CULA 330,Charcuterie,,X,,
G,CULA 335,Fund of Indian Cuisine,,,,AN
G,CULA 405,Culture and Gastronomy I,X,,,
G,CULA 410,Culture and Gastronomy II,,X,,
G,CULA 412,Food Writing,,,X,
G,CULA 415,Food Styling & Photography,X,,,
G,CULA 420,Senior Design Project,,,X,
G,CULA 425,The Kitchen Garden: Spring,,,X,
G,CULA 426,The Kitchen Garden: Summer,,,,X
G,CULA 427,The Kitchen Garden: Fall,X,,,
G,CUST 380*,Spec Top Customer Oper,,,,
G,CUST 401*,Cust Serv Pract I,,,,
G,CUST 402*,Cust Serv Pract II,,,,
G,CUST 403*,Cust Serv Pract III,,,,
A,DANC 100,Survey of Dance Studies,,,,X
A,DANC 131,Dance Practicum-Performance,X,X,X,X
A,DANC 132,Dance Practicum-Production,X,X,X,
A,DANC 133,Dance Practicum-Choreography,X,X,X,
A,DANC 140,Ballet Technique I,X,X,X,X
A,DANC 141,Ballet Technique II,X,X,X,
A,DANC 150,Modern Dance Technique I,X,X,,
A,DANC 151,Modern Dance Technique II,X,X,X,X
A,DANC 160,Jazz Dance Technique I,X,X,X,X
A,DANC 161,Jazz Dance Technique II,X,,X,
A,DANC 170,Hip-Hop Dance Technique I,X,X,X,
A,DANC 180,Dance Improvisation,X,,,
A,DANC 201,Dance Appreciation,,,X,
A,DANC 210,Introduction to Dance,,,X,
A,DANC 225,Dance Repertory,,,,X
A,DANC 230,Survey of Dance/Movement Thrpy,,X,,
A,DANC 240,Dance Composition I,,X,,
A,DANC 241,Dance Composition II,,,X,
A,DANC 260,Injury Prevention for Dance,,,,X
A,DANC 310,Dance Aesthetics & Criticism,,,,X
,,,,,,
A,DANC 325,Twentieth Century Dance,X,,,
A,DANC 330,Intro to Laban Movement Analys,X,,,
A,DANC 340,Dance Pedagogy,,,X,
A,DANC 355,Rhythmic Study for Dance,,X,,
A,DIGM 100,Digital Design Tools,X,X,X,X
A,DIGM 105,Overview of Digital Media,X,,,
A,DIGM 110,Digital Spatial Visualization,,X,X,X
A,DIGM 141,Computer Graphic Imagery,,,X,X
A,DIGM 211,Computer Animation I,X,,,
A,DIGM 212,Computer Animation II,,X,X,
A,DIGM 215,History of Animation,,X,,
A,DIGM 220,Digital Still Imaging I,X,X,X,
A,DIGM 221,Digital Still Imaging II,,X,X,
A,DIGM 240,Web Authoring I,X,X,,
A,DIGM 241,Vector Authoring I,,X,,X
A,DIGM 242,Vector Authoring II,,,X,
A,DIGM 243,Web Authoring II,,,,X
A,DIGM 250,Professional Practices,,,,X
A,DIGM 252,Multimedia Timeline Design,X,,,
A,DIGM 260,Overview of Computer Gaming,X,,X,
A,DIGM 265,Game Development: Scripting,,,,X
A,DIGM 281*,Interactive TV DVD-ROM,,,,
A,DIGM 302,Art/Techniques Dgtl Compositg,,X,X,
A,DIGM 314,Character Animation I,X,,,
A,DIGM 315,Character Animation II,,X,,
A,DIGM 331,Concept Design,X,,,
A,DIGM 345,Game Development: Foundations,,X,,
A,DIGM 350,Digital Storytelling,X,,X,X
A,DIGM 361,Computer Gaming Workshop I,X,,,
A,DIGM 362,Computer Gaming Workshop II,,X,,
A,DIGM 388,Spatial Data Capture,,,,X
A,DIGM 410,Visual Effects,,X,,
A,DIGM 411,Advanced Animation,X,,,
A,DIGM 445,Adv Hybrid Interactivity,X,,,
A,DIGM 448,Web Development: Workshop I,,,X,
A,DIGM 449,Vector Authoring III,,X,,
A,DIGM 451,Explorations in New Media,X,,X,
,DIGM 475,Seminar:Future Digital Media,,,X,
A,DIGM 482*,Tech Direct for Anim,,,,
A,DIGM 492,Sr Proj I - Dig Media,X,,,
A,DIGM 493,Sr Proj II - Dig Media,,X,X,
,,,,,,
A,DIGM 494,DIGM Sr Proj III,,,X,
A,DSMR 201,Analysis of Product,,,X,
A,DSMR 205,Merchandising Through Tech,X,,,
A,DSMR 210,Presentation Techniques DSMR,X,X,X,X
A,DSMR 211,Computer Dsgn for Dsgn&Mrchnds,X,X,X,X
A,DSMR 230,Textiles for Design & Merch,X,X,X,
A,DSMR 231,Retail Principles,X,X,X,
A,DSMR 232,Retail Merchandise Planning,,X,X,X
A,DSMR 233,Retail Image Analysis,,,,X
A,DSMR 305,Merch Management Tech,,,,X
A,DSMR 309,Color & Trend Forecasting,,,,X
A,DSMR 310,Computer Integ Merch Mgmt,X,X,X,X
A,DSMR 311,Visual Merchandising,X,X,X,X
A,DSMR 312,Visual Merchandising II,,,X,
A,DSMR 313,International Fashion Merch,,,,X
A,DSMR 314,Visual Merchandising III,X,,,
A,DSMR 315,Media Merchandising I,X,,,
A,DSMR 316,Media Merchandising II,,X,,
A,DSMR 317,Media Merchandising III,,X,,
A,DSMR 318,Music Merchandising,X,,,
A,DSMR 320,Merchandising/Design Direction,,,X,
A,DSMR 321,Fashion Show Production I,,X,,
A,DSMR 322,Fashion Show Production II,,,X,
A,DSMR 324,Retail Directions,,,X,
A,DSMR 325,Retail Buying & Assort Strat,,,X,
A,DSMR 326,Fashion Product Promotion,,X,,X
A,DSMR 410,Career Strategies for D & M,X,,,
A,DSMR 411,D & M Portfolio Design,,X,,
A,DSMR 433,Fashion Product Development,X,,X,X
A,DSMR 434,Fashion Product Sourcing,,X,,
A,DSMR 477,Design & Merch Seminar,,X,,X
A,DSMR 496,Senior Prob Desgn & Merch,X,X,,
A,EAM 130,Overview of EAM,X,,,
A,EAM 211,Strategic Management for EAM,,,X,
A,EAM 261,Copyrights and Trademarks,,X,,
A,EAM 270,Audience Development for Arts,,X,,
A,EAM 301,Gallery and Collection Mgmt,,,X,
A,EAM 302,Exhibition Design,,,X,
A,EAM 312,Fund Dvlpmnt & Board Relations,,X,,
A,EAM 321,Box Office & Venue Management,,X,X,
A,EAM 322,Perf Arts Touring & Promotion,,X,,
,,,,,,
A,EAM 350,"Arts, Culture and Society",,,X,
A,EAM 361,Law for EAM Managers,,,X,
A,EAM 365,Media & Entertainment Business,,,X,
A,EAM 391,"Promotion, Press, & Publicity",X,X,,
A,EAM 401,Writing for Arts Managers,X,,,
A,EAM 461,Entertainment Publishing,,X,,
A,EAM 465,Spec Top Enter & Arts Mgmt,X,X,X,
A,EAM 471,Fine Arts Market Development,X,,,
A,EAM 472,Trends in Visual Arts,,X,,
A,EAM 491,EAM Senior Project,X,X,X,
E,ECE 200,Digital Logic Design,X,X,X,X
E,ECE 201,Electric Circuits,X,X,X,X
E,ECE 203,Programming for Engineers,X,X,X,X
E,ECE 211,Electrical Engr Principls,,X,X,
E,ECE 212,Electrical Engr Princ Lab,,X,X,
E,ECE 491,Senior Design Project I,X,,,
E,ECE 492,Senior Design Project II,,X,,
E,ECE 493,Senior Design Project III,,,X,
E,ECEC 301,Adv Programming for Engineers,X,,X,
E,ECEC 302,Digital Systems Projects,X,,X,
E,ECEC 304,Design with Microcontrollers,,X,,X
E,ECEC 352,Secure Comput Sys: Desn Conc,X,,X,
E,ECEC 353,Systems Programming,,X,,X
E,ECEC 355,Computer Architecture,,X,,X
E,ECEC 356,Embedded Systems,,X,,X
E,ECEC 357,Intro to Computer Networks,X,,X,
E,ECEC 411,Computer Hardware,X,,,
E,ECEC 412,Modern Processor Design,X,,,
E,ECEC 413,Intro to Parallel Comp Arch,,X,,
E,ECEC 414,High Performance Computing,,,X,
E,ECEC 421,Intro Operating Sys I,,X,,
E,ECEC 422,Intro Operating Sys II,,,X,
E,ECEC 431,Intro Computer Networks,X,,X,
E,ECEC 432,Internet Arch and Protocols,,X,,
E,ECEC 433,Network Programming,,,X,
E,ECEC 441,Robot/Comp Intf & Cntl I,X,,,
E,ECEC 442,Robot/Comp Intf & Cntl II,,X,,
E,ECEC 443,Robot/Comp Intf & Cntl III,,,X,
E,ECEC 451,Computer Arithmetic,X,,,
E,ECEC 453,Image Processing Architecture,,X,,
E,ECEC 455,Intelligent Sys Architectures,,,X,
,,,,,,
E,ECEC 457,Security in Computing,,X,,
E,ECEC 459,Testing of Hardware,,,X,
E,ECEC 471,Introduction to VLSI Design,X,,,
E,ECEC 472,VLSI Design & Automation,,X,,
E,ECEC 473,Modern VLSI IC Design,,,X,
E,ECEC 497,Research In Computer Engr,X,X,X,X
E,ECEE 302,Electronic Devices,X,,X,
E,ECEE 304,Electromag Fields & Waves,X,,X,
E,ECEE 352,Analog Electronics,,X,,X
E,ECEE 354,Intro Wireless/Optical Elect,,X,,X
E,ECEE 421,Advanced Electronics I,X,,,
E,ECEE 422,Advanced Electronic Circuits I,,X,,
E,ECEE 423,Adv Electronic Circts II,,,X,
E,ECEE 434,Digital Electronics,,,X,
E,ECEE 441,Lightwave Engineering I,X,,,
E,ECEE 442,Lightwave Engineering II,,X,,
E,ECEE 443,Lightwave Engineering III,,,X,
E,ECEE 451,Electroacoustics,X,,,
E,ECEE 471,RF Components and Techniques,X,,,
E,ECEE 472,RF Electronics,,X,,
E,ECEE 473,Antennas and Radiating Systms,,,X,
E,ECEE 497,Research in Electrophysics,X,X,X,X
E,ECEL 301,ECE Laboratory I,X,,X,X
E,ECEL 302,ECE Laboratory II,X,X,,X
E,ECEL 303,ECE Laboratory III,X,X,X,
E,ECEL 304,ECE Laboratory IV,,X,X,X
E,ECEP 352,Elec Motor Control Principles,,X,,X
E,ECEP 354,Energy Management Principles,X,,X,
E,ECEP 411,Power Systems I,X,,,
E,ECEP 412,Power Systems II,,X,,
E,ECEP 413,Power Systems III,,,X,
E,ECEP 421,Model Analy Elec Pwr Dist Sys,X,,,
E,ECEP 422,Pwr Distr Automation & Control,,X,,
E,ECEP 423,Service/Pwr Quality Distr Sys,,,X,
E,ECEP 431,Adv Electromag Energy Conv I,X,,,
E,ECEP 432,Adv Electromag Energy Conv II,,X,,
E,ECEP 441,Protective Relaying,X,,,
E,ECEP 451,Pwr Electronic Converter Fund,X,,,
E,ECEP 452,Exp Study Pwr Elect Converters,,X,,
E,ECEP 453,Appl of Power Elect Converters,,,X,
E,ECEP 461,High Voltage Laboratory,X,,,
,,,,,,
E,ECEP 471,Power Seminar I,X,,,
E,ECEP 472,Power Seminar II,,X,,
E,ECEP 473,Power Seminar III,,,X,
E,ECEP 497,Research in Power Systems,X,X,X,X
E,ECES 302,Transform Methods & Filtering,X,X,X,X
E,ECES 304,Dynamic Systems and Stability,,X,,X
E,ECES 306,Intro Modulation & Coding,X,,X,
E,ECES 352,Intro Digital Signal Process,,X,,X
E,ECES 354,"Wireless, Mob & Cellular Comm",,X,,X
E,ECES 356,Theory of Control,X,,X,
E,ECES 358,Computer Control Systems,,X,,X
E,ECES 421,Communications I,X,,,
E,ECES 422,Communications II,,X,,
E,ECES 423,Communications III,,,X,
E,ECES 434,Deterministic Signal Processg,X,,,
E,ECES 435,Statistical Signal Processing,,X,,
E,ECES 436,Speech and Image Sig Interpret,,,X,
E,ECES 444,Systems and Control I,X,,,
E,ECES 445,Systems and Control II,,X,,
E,ECES 446,Systems and Control III,,,X,
E,ECES 497,Research In Systems Engr,X,X,X,X
B,ECON 201,Principles of Microeconomics,X,X,X,X
B,ECON 202,Principles of Macroeconomics,X,X,X,X
B,ECON 240,Econ of Health Care Systems,X,X,,
B,ECON 250,Game Theory and Applications,,X,,
B,ECON 301,Microeconomics,X,X,X,
B,ECON 321,Macroeconomics,X,X,X,
B,ECON 322,Economics Seminar,X,X,X,
B,ECON 326,Economic Ideas,,,X,
B,ECON 330,Managerial Economics,,,X,
B,ECON 334,Public Finance,,,X,
B,ECON 336*,Labor Economics,,,,
B,ECON 338,Industrial Organization,,X,,
B,ECON 342,Economic Development,,X,,
B,ECON 350,Applied Econometrics,X,X,,
B,ECON 351,Resrc/Environmtl Econ,X,X,,X
T,EDGE 210,Geography Education,,,X,
T,EDGE 211,Geography Educ: Teacher Lab,,,X,
T,EDUC 101,Found in Educ I,X,,,
T,EDUC 102,Found in Educ II,,X,,
T,EDUC 105,Freshman Pedagogy Seminar,X,X,X,
,,,,,,
T,EDUC 112,Integrative Instr: Wld Geog,,X,,
T,EDUC 114,Science Teaching Methods,,X,,
T,EDUC 115*,Rsng about Nbrs/Qty,,,,
T,EDUC 120,Child Development I,X,,,
T,EDUC 121,Child Development II,X,,,
T,EDUC 123*,Adolescent Development,,,,
T,EDUC 142,Special Education Foundations,,X,,
T,EDUC 205,Sophomore Pedagogy Seminar,X,,,
T,EDUC 210,Early Language Development,,X,,
T,EDUC 216,Diversity and Today's Teacher,X,X,X,
T,EDUC 217,Math Methods: E C,X,,,
T,EDUC 218,Math: Methods & Content,X,,,
T,EDUC 223*,Tchg the M. Schl Chld,,,,
T,EDUC 236,Early Literacy I,X,,,
T,EDUC 240*,Prop Rsng in Mdl Schl,,,,
T,EDUC 244,Inclus Prac for Excep Students,X,,,
T,EDUC 246,Literacy & Content Skill Devel,,X,X,
T,EDUC 256*,Teaching Writing Grades 4-8,,,,
T,EDUC 257*,C. Area Rdg 4-8,,,,
T,EDUC 265,Instr. ELLs,X,,,
T,EDUC 284*,Tchng Life Sci in MS,,,,
T,EDUC 285*,Tching Phys Sci in M. Schls,,,,
T,EDUC 286*,Tchg E & S Science MS,,,,
T,EDUC 292*,Sci Mthds for M Schl,,,,
T,EDUC 301*,Intro Person Sys Instr,,,,
T,EDUC 302*,Adv Sem In Person Sys Ins,,,,
T,EDUC 305,Junior Pedagogy Seminar,X,,,
T,EDUC 306,Assessment of Young Children I,X,,,
T,EDUC 307,Assessment II,,X,,
T,EDUC 310,Computer Appl In Teaching,X,,,
T,EDUC 319,Teaching Secondary Mathematics,X,,,
T,EDUC 320,Prof Studies Instruction,,X,,
T,EDUC 321,Non-Field Prof Study in Instr,,X,,
T,EDUC 322,Evaluation of Instruction,X,,,
T,EDUC 323*,Diagnostic Teaching,,,,
T,EDUC 324,Current Rsrch Curric & Instruc,X,,,
T,EDUC 325,Multimedia Instruc Desgn,X,,X,
T,EDUC 326,Language Arts Processes,X,,,
T,EDUC 327*,Learning Disabilities,,,,
T,EDUC 328*,Language Arts Processes 4-8,,,,
T,EDUC 335,Engaging the Learner,X,,,
,,,,,,
T,EDUC 336,Early Literacy II,,X,,
T,EDUC 337*,Learning Disabilities II,,,,
T,EDUC 338,Expressive Arts for PK-4,X,,,
T,EDUC 347,Special Education Processes,,X,,
T,EDUC 348,Emotional & Behavioral Support,,X,,
T,EDUC 349,High Incident Disabilities,,X,,
T,EDUC 350,Low Incident Disabilities,,X,,
T,EDUC 351,Pervasive Develop Disorders,,X,,
T,EDUC 352,Int Tech for Learn & Achv,,X,,
T,EDUC 353,Spec Ed: Methods & Practices,X,,,
T,EDUC 355,S. Studies Methods,,X,,
T,EDUC 356*,Secondary Social Stud Methods,,,,
T,EDUC 405,Senior Pedagogy Seminar,X,X,,
T,EDUC 410,Student Teaching,X,X,,
T,EDUC 411,Family & Community,X,,,
T,EDUC 412,Student Teaching,,X,,
T,EDUC 414,Spec Ed: Field Placement Sem,,X,,
T,EDUC 416*,Intro Mth Mthds (4-8),,,,
T,EDUC 417*,Adv. Math Tchg Mthds,,,,
T,EDUC 428,Cult and Hist Sig of Math,,X,,
T,EDUC 432*,Algebraic Reasoning,,,,
T,EDUC 433*,Functions MS,,,,
G,EET 102*,Intro to Applied Engr Tech,,,,
G,EET 201,Circuit Analysis I,,X,,
G,EET 202,Circuit Analysis II,X,,,
G,EET 203,Non-Destructive Eval Materials,,X,,
G,EET 204,Intro to Nanotechnology,,X,,
G,EET 205,Digital Electronics with Lab,X,,,
G,EET 206,Analog Electronics I,,X,,
G,EET 307*,Basic Power Systems I,,,,
G,EET 311,Modeling of Engr Systems,X,,,
G,EET 313,Signals and Systems I,,X,,
G,EET 317,Analog Electronics II,,X,,
G,EET 319,PLC Fundamentals,X,,,
G,EET 322,Electrical Energy Conversion,,X,,
G,EET 323,Electrical Systems Design,X,,,
G,EET 324*,Power Electronics,,,,
G,EET 325,Microprocessors,X,X,,
G,EET 401,Applied Microcontrollers,,X,,
G,EET 402*,Control Engineering,,,,
G,EET 404*,Signals and Systems II,,,,
,,,,,,
G,EET 406*,Communication Systems,,,,
G,EET 407*,Power Systems Fundamentals,,,,
G,EET 409*,Optical System Design,,,,
G,EMER 210,Hazard Mitigation,X,,X,
G,EMER 215,Public Mgt Crisis,X,X,,
G,EMER 220,Emer Inc Risk Mgt,,,X,
G,EMER 225,Inf Disast Recov,,X,X,X
G,EMER 235,Public Information Strategies,,X,,
G,EMER 245,Search and Rescue,X,,,X
G,EMS 101*,Princ of Emergency Care I,,,,
G,EMS 102*,Princ of Emergency Care II,,,,
G,EMS 103*,Physical Examination,,,,
G,EMS 104*,Disease Process I,,,,
G,EMS 105*,Prehospital Issues,,,,
G,EMS 107*,Disease Process II,,,,
G,EMS 110*,EMT Field Practicum,,,,
G,EMS 111*,Introduction to Pharmacology,,,,
G,EMS 112*,Pharmacology I,,,,
G,EMS 114*,EMS Operations,,,,
G,EMS 116*,EKG Interpretation,,,,
G,EMS 120*,Prehospital Techniques,,,,
G,EMS 125*,Field Practicum I,,,,
G,EMS 201*,Clinical Concepts I,,,,
G,EMS 202*,Medical Intervention I,,,,
G,EMS 203*,Clinical Concepts II,,,,
G,EMS 204*,Medical Intervention II,,,,
G,EMS 205*,Instructional Issues,,,,
G,EMS 206*,Clinical Concepts III,,,,
G,EMS 207*,Trauma Interventions,,,,
G,EMS 210*,Management I,,,,
G,EMS 226*,Field Practicum II,,,,
G,EMS 301*,Management II,,,,
G,EMS 302*,Clinical Capstone,,,,
G,EMS 305*,Design of Instruc. Materials,,,,
G,EMS 306*,Concepts of Injury,,,,
G,EMS 307,Critical Incident Stress Mgmt,X,X,,
G,EMS 320*,Accident Investigation,,,,
G,EMS 325*,Industrial Safety,,,,
G,EMS 330*,Special Topics in EMS III,,,,
G,EMS 340*,Haz Mat Response Implement,,,,
G,EMS 345*,Response to Terrorism,,,,
,,,,,,
G,EMS 346*,Intro to EMS & Pub Saf Quality,,,,
G,EMS 360*,"Local, State & Fed Legis",,,,
G,EMS 368*,Practical Safety Services,,,,
G,EMS 372*,Incident Command for EMS,,,,
G,EMS 380*,Adv Physical Examination,,,,
G,EMS 382*,Pharmacology II,,,,
G,EMS 390*,Public Safety Data Mgmt,,,,
G,EMS 401*,Ind Study in EMS/Public Safety,,,,
G,EMS 403*,Instr & Metr for EMS & Pub Saf,,,,
G,EMS 405*,Planning & Fiscal Approaches,,,,
G,EMS 410*,Qual Mgmt & Six Sigma Integ,,,,
G,EMS 425*,Risk Management in Health Care,,,,
G,EMS 430*,Ldshp & Influence in Emer Serv,,,,
G,EMS 435*,Special Topics in EMS IV,,,,
G,EMS 440*,Research,,,,
G,EMS 445,Org Comm Response in Disasters,,,,X
G,EMS 456*,Internship I,,,,
G,EMS 457*,Internship II,,,,
AS,ENGL 101,Expository Writing and Reading,X,X,X,X
AS,ENGL 102,Persuasive Writing and Reading,X,X,X,X
AS,ENGL 103,Analytical Writing and Reading,X,X,X,X
AS,ENGL 105,Honors Freshman English,X,X,X,X
AS,ENGL 200,Classical to Medieval Lit,X,,,X
AS,ENGL 201,Renaissance to Enlightenment,,X,,
AS,ENGL 202,Romanticism to Modernism,X,,,X
AS,ENGL 203,Post-Colonial Lit I,X,,X,
AS,ENGL 204,Post-Colonial Lit II,X,,X,
AS,ENGL 205,American Literature I,X,,,X
AS,ENGL 206,American Literature II,,X,,X
AS,ENGL 207,African American Literature,,,,
AS,ENGL 211,British Literature I,X,,X,
AS,ENGL 212,British Literature II,,X,,X
AS,ENGL 214,Readings in Fiction,X,X,X,X
AS,ENGL 215,Readings in Poetry,,X,,X
AS,ENGL 216,Readings in Drama,VAR,VAR,VAR,X
AS,ENGL 300,Literature & Science,,,,
AS,ENGL 302*,Environmental Literature,,,,
AS,ENGL 303*,Science Fiction,,,,
AS,ENGL 304,Young Adult Fiction,,,X,
AS,ENGL 305*,The Mystery Story,,,,
AS,ENGL 306*,Literature of Baseball,,,,
,,,,,,
AS,ENGL 307,Literature of the Holocausts,,,X,
AS,ENGL 308*,The Literature of Business,,,,
AS,ENGL 310*,Period Studies,,,,
AS,ENGL 312,Research Project Development,,X,,
AS,ENGL 315*,Shakespeare,,,,
AS,ENGL 320*,Major Authors,,,,
AS,ENGL 323*,Literature and Other Arts,,,,
AS,ENGL 325*,Topics in World Literature,,,,
AS,ENGL 330*,The Bible as Literature,,,,
AS,ENGL 335*,Mythology,,,,
AS,ENGL 345*,American Ethnic Literature,,,,
AS,ENGL 350*,Jewish Lit and Civilization,,,,
AS,ENGL 355*,Women and Literature,,,,
AS,ENGL 360,Literature and Society,,,,
AS,ENGL 365*,Topics in African Amer Lit,,,,
AS,ENGL 370*,Topics in Lit and Medicine,,,,
AS,ENGL 470*,Cap Sem in Medical Humanities,,,,
AS,ENGL 490,Seminar in Engl/Amer Lit,,VAR,VAR,
AS,ENGL 492,Seminar in World Literature,,VAR,VAR,
AS,ENGL 499,Senior Project in Literature,,,X,
E,ENGR 100,Beginning CAD for Design,X,X,,
E,ENGR 101,Engineering Design Lab I,X,X,,
E,ENGR 102,Engineering Design Lab II,,X,X,
E,ENGR 103,Engineering Design Lab III,,,X,
E,ENGR 180,Special Topics in Engineering,AN,AN,AN,AN
E,ENGR 201,Eval & Pres of Exper Data I,X,,X,
E,ENGR 202,Eval & Pres of Exper Data II,,X,,X
E,ENGR 210,Introduction to Thermodynamics,X,X,,X
E,ENGR 220,Fundamentals of Materials,X,,X,
E,ENGR 231,Linear Engineering Systems,X,X,X,X
E,ENGR 232,Dynamic Engineering Systems,X,X,X,X
E,ENGR 280*,Intro to Global Engineering,,,,
E,ENGR 361,Stat Analysis of Engr Systems,X,X,X,X
E,ENVE 300,Intro to Environmental Engr,X,,X,
E,ENVE 302,Envr Trans & Kinetics,,X,,X
E,ENVE 335*,Industrial Safety,,,,
E,ENVE 410,Solid and Hazardous Waste,,X,,
E,ENVE 421,Water and Waste Treatment II,,X,,
E,ENVE 422,Water/Waste Treatmnt Dsgn,,,X,
E,ENVE 435,Groundwater Remediation,,,X,
E,ENVE 450*,Data-based Engr Modeling,,,,
,,,,,,
E,ENVE 455,Geographic Information Systems,X,,,
E,ENVE 460*,Fund Air Poll Control,,,,
E,ENVE 465,Indoor Air Quality,X,,,
E,ENVE 485,Professional Envr Eng Practice,X,,,
E,ENVE 486,Envr Engr Process Lab I,,X,,
E,ENVE 487,Envr Engr Process Lab II,,,X,
E,ENVE 491,Senior Project Design I,X,,,
E,ENVE 492,Senior Design Project II,,X,,
E,ENVE 493,Senior Design Project III,,,X,
AS,ENVP 345,Sociology of the Environment,,X,,
AS,ENVP 346,Environmental Justice,,,AY,
AS,ENVP 360,Env Movements in America,X,,,
AS,ENVP 365,Intro to Env Policy Analysis,,AY,,
AS,ENVS 169*,Environmental Science,,,,
AS,ENVS 230,General Ecology,X,,X,
AS,ENVS 260,Environ Science & Society I,X,X,X,X
AS,ENVS 262*,Environ Science & Society II,,,,
AS,ENVS 270,History of Life on Earth,X,,,
AS,ENVS 271,Dinosaurs and Their World,,,X,
AS,ENVS 272,Physical Geology,,X,,
AS,ENVS 284,Phys & Pop Ecology,,X,,
AS,ENVS 285,Population Ecology Lab,,X,,
AS,ENVS 286,Community & Ecosystem Ecology,X,,,
AS,ENVS 287,Community Ecology Lab,X,,,
AS,ENVS 316*,Sanitary Microbiology,,,,
AS,ENVS 321*,Environmental Health,,,,
AS,ENVS 322,Tropical Ecology,,X,,
AS,ENVS 323,Tropical Field Studies,,X,,
AS,ENVS 324*,Microbial Ecology,,,,
AS,ENVS 326,Molecular Ecology,AY,,,
AS,ENVS 327,Molecular Ecology Lab,AY,,,
AS,ENVS 330,Aquatic Ecology,,,X,
AS,ENVS 331*,Industrial Hygiene I,,,,
AS,ENVS 332*,Industrial Hygiene II,,,,
AS,ENVS 335*,Industrial Safety,,,,
AS,ENVS 336*,Terrestrial Ecology,,,,
AS,ENVS 338,Biodiversity & Conservation,X,,,
AS,ENVS 341*,EqGuin Soc & Env,,,,
AS,ENVS 342*,EqGuin NatResEcon,,,,
AS,ENVS 343*,EqGuin Field Mthd,,,,
AS,ENVS 344*,EqGuin Field Rsch,,,,
,,,,,,
AS,ENVS 351*,Resource & Environmental Econ,,,,
AS,ENVS 360*,Evolutionary Developmental Bio,,,,
AS,ENVS 364,Animal Behavior,,,X,
AS,ENVS 365,Animal Behavior Lab,,,X,
AS,ENVS 370*,Practice of Environ Economics,,,,
AS,ENVS 374*,Sedimentary Environments,,,,
AS,ENVS 375*,Invertebrate Paleontology,,,,
AS,ENVS 382,Field Botany: NJ Pine Barrens,,,,X
AS,ENVS 383,Ecology of the NJ Pine Barrens,,,X,
AS,ENVS 388,Marine Field Methods,,,,X
AS,ENVS 390,Marine Ecology,X,,,
AS,ENVS 392,Ichthyology and Herpetology,,AY,,
AS,ENVS 401,Chemistry of the Environment,X,,,
AS,ENVS 405*,Atmospheric Chemistry,,,,
AS,ENVS 410,Physiological Ecology,,AY,,
AS,ENVS 412,Biophysical Ecology,,AY,,
AS,ENVS 413,Advanced Population Ecology,,AY,,
AS,ENVS 414,Advanced Community Ecology,,AY,,
AS,ENVS 431*,Epidemiology,,,,
AS,ENVS 436,Principles of Toxicology I,X,,,
AS,ENVS 437,Principles of Toxicology II,,X,,
AS,ENVS 441,Issues Global Change I: Sem,,X,,
AS,ENVS 442,Issues Global Change II: Res,,,X,
AS,ENVS 476*,Paleobotany,,,,
AS,ENVS 497,Research,AN,AN,AN,AN
A,EVGD 200,Intro to Environmental GRDS,,,X,
A,EVGD 210,Architectural Signage,X,,X,
A,EVGD 220,Wayfinding,,X,,X
A,EVGD 310,Design Techniques & Materials,,X,,X
A,EVGD 320,Exhibit Design,X,X,,
A,EVGD 421,Environmental Branding,X,,,
A,EVGD 496,Sr Thesis in Eviron Gr Dsgn,,X,X,
